id,screen_name
1494835716,AIIAmericanGirI
2361224263,DailySignal
124789225,ProudlyWeHail
74157050,clovergirl64
1150782124464791552,Ckm4MAGA
1650177931,gapeachx3
1146153064115523585,BruceKunde
3214649345,rfields301
1074163797860986881,editor_wp
199351868,Musickf
5741722,nprpolitics
731985605601693697,_gulfcoastchris
4865637737,VoteDemOutFL
3394126212,TheSandmanSlim
759251,CNN
822791162972946432,KlumbusP
66798965,traxxonwaxx99
49034507,real_defender
4332864533,ali_priano
251312693,smtinnl
25073877,realDonaldTrump
1208158559344775168,rules_left
939091,JoeBiden
1238484047883423744,onlytruthhere
17142582,Dr_Granny
1283839664013615108,Lostone50645782
1260349376276434944,b7868255
16972715,murray_nyc
1165253203606175744,iquisitor2020
470171162,SmokeyStafford
1057799351894982661,PghBlackGold
90480218,RichardGrenell
1067540921451986945,RemindMe_OfThis
1096192764608421889,bearddontlie
544035122,DinoDrift
46775436,BettyBowers
1680019820,DustinGinsberg
1263297329416867840,GGrokking
2329066872,theintercept
1296463370045001728,Soup_Can_IV
807812802761158656,Styx666Official
3007176465,DamnYouKenny
1013158003485257731,WSS_Memorial
139236619,rcjr2161
964565033815490560,kwood360
29501253,RepAdamSchiff
40302336,RepJerryNadler
30354991,KamalaHarris
26642006,Alyssa_Milano
17494010,SenSchumer
15764644,SpeakerPelosi
14377605,TheDemocrats
182251299,Josh_D78
17077313,KFIAM640
114354257,wolf9walker
1264115609782157312,LORIOLS31674594
34477257,wmcpc
21619519,JoeNBC
4854555494,SueSea162020s
1130117134217097221,Jessesc32208999
1159311781191274496,Thunder15491091
248429222,eliehonig
1009577803304656896,itsJeffTiedrich
1167874845994037248,JustVent6
963790885937995777,HKrassenstein
21651982,lsferguson
864963644856991745,dls0054
2675447737,CornShortage
492833134,mikandynothem
818927131883356161,PressSec
16784523,margarine52
815952318487298048,DrNealDunnFL2
15207668,HouseGOP
1278936337639518211,trumps_soul
1257525147226923009,john_mommers
7174972,NOS
5392522,NPR
4580381,vincente
786071007471792132,MightySword8
3406523836,TheOneBuz
4758615031,Tex_SedX
39344374,DonaldJTrumpJr
50448207,infernoscurse
19735074,houston_mike
1131540997354266625,Blueline_C
3050220910,Junior_Trini
1227481761782882304,Addie34758813
21034105,kfvsnews
1088200709927882753,TheGREATCONSPI1
1120447400,LanieLou5
2196125948,joe56odad
26848626,cottonpony
1082334352711790593,Ilhan
958867582513065985,MccarthydoDave
892161331,JbPreselect
21604836,NaplesQueen
1252777886903234560,SethWeiss7
1247226007649751043,JoSchlimgen
17919972,taylorswift13
1269010656726069256,A__Philomath
947619396536676352,ajzwiebel1
2354053340,cincinnatisound
2067661,WLWT
780994300654018564,americangirlsas
4207961,chrislhayes
1107570833801674752,Max90586793
1282173749106810881,Dj_Tommyluv
1007016957214887936,slightchangeof1
13850422,CNNPolitics
732251444636569600,Sheckyk
31801993,FrankPallone
386507775,USPS
293131808,PattyMurray
958722124218339328,Darth_Vaporize
1111906634,merican47
343166596,dan52036
1087419399169019905,MonarchinMN
14589340,deetydoc
1158239710709350405,BrianGreenwal10
526707382,DGPurser
2197266151,tracyk726
23081980,Portmeirion_
470472472,mary_shubert
387088436,HolmanJenkins
112047805,brithume
1054796628215754752,clustertrump
1275990912104050688,Jake71263900
703872313033433088,NWitchtea
52544275,IvankaTrump
1279036604,Jenica__Joy
1185352823715827717,Aintthissometh1
14211760,mfield
36711022,DanRather
2759815789,jeannebean65
1274504620153470977,MicheleMuse5
1248907714371043328,AutoRenegade
1045110787,MaryLTrump
148529707,RBReich
435084804,Patriot_1111_86
4018802301,HaplinF
187680645,LLinWood
1046533526168920064,jlcminou
1292717994515279872,jamal47357482
64088112,Davidferron2
20957644,danmicovic
1286312788286210049,crazyequality
259816808,wendycockcroft
1268595895622348801,Lawless681
3811758753,EadmundHodgson
1166437208976314368,CapFeathersaber
153108145,GShapiro9News
223157885,Mikeybcali
1248768019741863937,RobertGarrJ
935963969663115264,patriot_70
1226585237490024448,cb_rube
1241906531416723456,Unpopularobser1
1100514949523275777,LoveOthers10
544493129,wanaoni_michael
2755157062,sheila_secrist
725393882,PTSDoffDaChains
631310817,MarkYoungTruth
4780469053,bobschramm69
462104542,chuckwoolery
47309766,qpruleok
14569869,Channel4News
1261901178885091331,Kitchy715
866223231044206592,Freman67
1282327210754486273,KatherineGarth2
1279258330037399552,NOTHINnoone1
1263126635840073730,Jane69629967
125128723,RaheemKassam
51077441,val_wonders
78445977,GerryConnolly
1298598455565094912,coco20249499614
592730371,JackPosobiec
293812586,KlongName
1046549372,Terranomaly
32453116,PaHouseDems
468993872,ctidude
894774227798118401,colonel_montoya
1041961735,leelu5the
533174031,don_mash
906716457060487168,ElizabethColn3
2316571121,chiefaudiotech
864624764534390785,rachel_rampaage
800707492346925056,axios
789263692202258432,first4venger
466183294,chiIIum
404375574,Avi11215
1207843017266122752,Dunbanxenoblad1
1064758166225866758,dylpickles__
1033452773545664517,HankHillWife
2271094526,JLPoyner
1200835890949578752,fisher_tx14
90651198,GregAbbott_TX
44513878,TexasTribune
95461033,eradicator178
50769180,IngrahamAngle
4902233999,LeadersMaster
355452950,SavannahSaint
1282368415894831106,AutistActual
144261619,StPatrick33
827811283730825216,NotAPajamaBoy
22771961,Acosta
15778064,dleez777
916670410745315330,NJRRBasketball
4357864515,MattEstell45
1043185714437992449,catturd2
37127042,woohoo9
1011008851351662592,meg2363867741
1236415271335866369,Vickie88333263
872818091427848192,Carlosd96422822
27000730,Timcast
1014367756970536960,1200dollarcheck
3309104695,desolate1lee
1292545822496890882,mrbigly1776
96906231,thevivafrei
783792992,IlhanMN
1278912641155469312,moozii__
18266688,TomFitton
1299904725127761920,CJWilliamson_US
822215679726100480,POTUS
1260632207867080704,GeorgiaParole
1219781523622236160,Maria_Garcia_US
543183447,mb250762
168541923,ACTforAmerica
6108862,joelcomm
16819561,Tullycast
3942483972,jdubjdub1975
22993014,9NewsAUS
1213073532801830914,George_Doddd
31029663,TimArvier9
340139222,bongindustryz
67792812,AshleeMullany
63362429,7NewsAustralia
1273194782937026560,SteveBing7
295824553,guy_next_to_me
220675925,grammya2
1257341773879238656,dakota_rogue
111385858,kotatweets
2243653876,stillgrumpy2020
90471916,RochesterSubway
16275936,rachbarnhart
1241458055021080577,msm_isthe_virus
32871086,kylegriffin1
1154766968253120517,AxraxNv
562486962,EatPantFriendo
359000171,tsarb0mba
1195355418345656320,LyndaJeffs2
1268240072945602561,AaronSteel1971
23347035,Pretzel__Logic
1917731,thehill
28785486,ABC
432895323,LindseyGrahamSC
2353605901,GOPChairwoman
19739126,GOPLeader
14270650,ktumulty
1249982359,senatemajldr
1115363158619717634,avoy_will
824739546315239425,ger2591
9130642,erikmouthaanRTL
23745728,evbr
1223722435494793223,AnnChovies2
497676852,cwhelan5
39308549,DailyCaller
248469208,amber_athey
185905320,WGONnews
1235205783337545729,holismrocks
124332555,majorgarrett69
1965612534,LaniKaiDuck
203226736,SharylAttkisson
56162433,azyotes
36065144,SnootBoopz
23404315,jkmyers
21925192,FrankLaRose
197141866,thisalexfink
1242191338726215687,fa1alerr0r
744894639618985985,Cascada57
1250559742210183169,PatriotMaple
1207783634268250112,HardestyLuann
1178021410935099394,realGngrbrdgrl
1120435583082536961,BobsYourUncle30
1274536017740128257,MeetDaPress1
4703530830,rthomas4006
1249983209837740033,itzhtn
1190393433644339200,ShadowB88750056
733383856154365952,NativeToPangaea
552115100,ieishalane
47293791,w_terrence
2797613484,RealDonalTrump
1299023934034067456,DandyFerguson
1187391309956280320,shugyo4dhm
1226605325618470914,sherry1138
36787919,Maggie247
1153042794375712770,HowleyReporter
1270010370107805697,IndependentlyA
2327217626,BricknyGary
1264744625811718144,aqua_velvet
1080569698536878081,RepSherrill
900546547175260160,StellarFox2
106165884,WayneIv
46817943,brikeilarcnn
42670638,mercedesschlapp
2664261510,mrsgee
532046218,Tunnelcat2
765573426274766850,Cats4mice
232268199,NYGovCuomo
15212187,bennyjohnson
3422505016,nachomommacuz
869568203546144768,BishesBrew
820697856210108416,Damnoldguy
1092469334058782721,jf_pry
1019016377854758912,MichelleBeshar2
1245041217517301765,hermanbomiller
1225956756603297792,PatriotTom2020
850507814023942144,GeorgePapa19
1633904354,mrg4512
18005085,MZHemingway
836387995083128834,TheTermaNaida
278124059,SenBlumenthal
103746359,jappyheadedho
997593550442426368,HopiumOverdose
752213092197629956,DavidWooden4
32237832,dhtweet
204444440,SexCounseling
18618728,bshires1010
95731075,TwitterSafety
21733692,WajahatAli
1235980801315082240,SavageM49626331
1118289503855181824,j_weavernv
11134252,GOP
1258197244538490880,leap441
119168685,tbeaux29
16163937,JasonFrierson
1080586433088258048,GovSisolak
731132367058968576,amjoyshow
159583068,beckerdavidj
342863309,BetoORourke
14437914,NewsHour
57039652,martylawson
139804332,stampermoo
1652541,Reuters
15989799,kmmontandon
3092733639,DautreuilJoan
3418915469,FJCassara
184598504,jeffcieslak
1234322842080116736,RealRegAmerican
807975026,svdate
39245720,tripgabriel
84378727,pqrlearntruth
845608229723766785,TekshowPlays
1418779278,AMCx32
223961376,Clannachan1979
1215016383978733568,WWG1WGAUSA
1144670621357563904,ChrisWi08041308
27765063,NicoleNila77
2475983034,texas_teacher68
2167528201,seattlesimpson8
1286543802824626176,TommyNotabotski
801723252,ImaConservativ1
721042963,A_Soup_Slinger
3023272478,OregonGovBrown
104647764,SuzanneOB75
15952856,AriBerman
1108058115264733185,hereforpolitic1
1317490646,damonm389
4432916014,PpollingNumbers
469484667,TheRealGRAF
854689313484877825,JayBienvenu
978782184,EmersonPolling
33977600,HouseArrest1984
720424110371835905,rockin05jeep
2752392819,dutchgirl747
1129496285415919616,madlaine63
801991143948951552,ShanGrif
28623919,bejah007
838804177,ToniMLopes1
3293831324,JHermita101
2171454698,Hwarang427
14293310,TIME
1201733776075841537,right_side1
1153058412558786560,iDaveHasQuesti1
1284321884503449601,thestanwilder
1214643023977439233,lana69261496
831597414263844864,JuneSmith888
610092452,DiscardedVirtue
263925585,allanrenz
15731368,HowardKurtz
14345760,jmandell
2944357758,369Outlaw
20074083,kimberlyjt
153181367,CHueyBurns
348590155,tellyrd101
59130623,zbyronwolf
1276207048141742081,SolOfAmerica
1138886434478182401,KimMangone
1418622415,JesiJellybean
960285302899298304,EvanAKilgore
946765123,HillJackJDS
861869718,KarlFleeman
1030637603576590336,BrianMarAlli
3494182277,Flag_Wavers
1270775296795516935,_Im_In_Here_
22010285,gardengirl625
871727667825053696,Richard96266477
47739450,ByronYork
19535908,metrikk
1004685761235517440,kandy58_smith
1268314482729615361,INGODWE01577738
1149966217161015296,TheYellowRose6
23138197,milove131
1255361445426073600,HisTrustin
2634489965,Woodcat0214
3395654357,TnParafreak
2196233449,Pam1010101010
1248820657242193921,D2L171111
974046599453315072,bradtheman_19
808827316470185989,LeslieLee327
41632623,kevinwittkowski
2911747367,benkanas
1217189415585488896,MarcSte40761861
497153288,imnchargeof6
1169977748128817153,DonaldS83027032
620571475,DanScavino
1146836919524954112,throughthygrace
1175327031531311104,Kookie161164665
186284492,Shooshneh
1286724766104199168,Videagamer12341
4161038488,Zlji88
418867782,K1erry
1275226341630029825,FreedomArmor4u
896732144,jimmy0726
1242537777562038277,als1741
395142271,superhippo22
14715573,WSMV
1177120465,bashishmo
1275600899960954881,DonaldPump2016
390957865,SideburnsDon
1281226065088614401,Burgerfacemcta1
912280626,giufuliafa
67738905,coozman65
456016233,ScarelettRed
1180579980545150977,BeeronB
1104058238834823168,TheMoon2025
48346537,BTG77
1158163081979138053,Butherflyer
21539792,StephieLynn85
298715623,seti1420
948946378939609089,GovMurphy
868150765508055042,lenadolokershh
942424223863238662,Jessica24036463
114974268,michaelahrens
2584908901,bands449
117096653,NYCPBA
1121521351607582721,Genarium1
701725963,nowthisnews
2842683807,SteelyRivers
825892758246268928,EeezeePeezee143
975522954678190080,Marie34793471
729676086632656900,TeamTrump
519897737,abigailmarone
1084375028,JasonMillerinDC
1187712657379516416,TechnicallyAli1
847315447,Real_Talk_News
226222147,PeteButtigieg
1248088598211186689,Dr_Hb7
859393163697455104,9newdog
815916290560835584,CraigAr64
798897423783526400,j_gels007
3411045203,opeel99
1097194443298492418,Hunter18111
1222684015062323208,SouthernKay13
4926403290,EliStrawmanning
3406938525,thebradfordfile
1267559923996667906,cratosthegreat
3408529580,mflew2
876885910201049088,CommonSense5900
37575922,hollandcourtney
138203134,AOC
1213904258795368448,MarkDoy14183997
1266833442467004416,irighturong
187913229,brettshugart
16121063,BinaryLaser
15440477,Jen_Oden
1286305631398486016,RichardRoyce15
22511069,giftofgab209
1270541452498669568,Hashbrowns2u4e1
369191744,MollyDanless
785188777752825856,C_Web1761
72362712,DrMagnolias
18733002,MollieKatzen
1148029362580553729,RonJere19448224
5746452,waltmossberg
3260584610,csteinbe07
17968241,jarred_
1121591821816225800,EnoughOfThis3
2902031256,WEdwarda
283380608,jeff_skrentner
1879043858,GavW316
1255242456947400708,Eli2JonesNYG
3094639788,SJNolaLa
1151844948121198592,AnAveragedude7
983003383241027585,meg86606229
226341042,A_Texans_Take
1199522589573554176,KarluskaP
1190088666833719296,BigJJ04382003
905899340790714369,RyanToemmes
787335844612939780,JamesxGamesYT
4914384040,TheBabylonBee
1125740490257833984,MathersAs
741078550103658497,toddmonroe6
778763106289758208,JennaEllisEsq
1887528152,Bruce_LeVell
1177211334238167041,DavidMa13495396
2374459756,mylove711
22203756,Mike_Pence
1279984986225926144,Coronav45879858
1268717275001032704,blane1122
16801092,pubtheologian
1071216690279669760,DarnOldJets
46310926,JCaporoso
253386630,square1_NYC
792870764902912000,VerumLibera
811725415,couchburn3r
375721095,Breaking911
19205556,jeepjoe
1270872379300904960,Lmiller0703_2
1156651230233530368,PrimeKepler
2170701486,nitetime2020
315549604,SkahtDobbins
2439096672,MAGAKellyS
4327127414,santiagomayer_
840826954748198912,kimdcottrell
795554351477620736,WarringWorlds
316389142,iamjohnoliver
3118921369,HeyItsDeeGamer
1215848428279881728,CatInTexas1
1152907438825324545,Steve50901744
12,jack
20162581,rschallom
201250935,reiyoku
1090036058467618818,Tyler_The_Wise
112634123,kristilynn677
1093247825692028928,DarrellGill7
29336037,JamesMSama
1134540810714832896,ObeythePaw
16152161,Loliz
892844295018995712,Barbara49962035
1020785440893415424,GeneZurawski1
1210036302411751424,RacheLoQ17
1068968714282897408,jazzbear09
1942444554,Culper_Lady56
1261286205028577283,AvidHutch
1355218452,CraigRozniecki
709204972785631233,Rwolf1944Bob
1018957536,omahabe2
1137080135419437056,GaryONe82648556
4822039626,JoanneTarpon07
1924526202,sayitisnottrue
892946586887761921,UniverseatLarge
799326259,michigan_kat
22783851,catnip7
1244766265585160192,Gingin51259874
929430463,Kentneilparrot
1321232845,SchChad
1250433734265810944,JennyLy01415962
38992490,ARobertSilva
1149378091,Time4SumAxShun
1255672844186537984,dan452020
1187769626299645953,Mmm2592
959109821650915328,Donnaisom10
232901331,dbongino
1127649183899344896,Pt255440131
3260518932,TwitterMoments
1258957424045719558,MyronWhiteLanc3
126722715,abbydphillip
264501955,MichaelCoudrey
1114236940604329987,PatricioAuthor2
1957187125,ACLUofNE
1219305263460687872,prolifeislife
828716633082515457,MarcrubyS8
16081493,jsl909
1974165258,2oldArmyVets
2967868757,TSRCYW8
2159568420,FornewsJon
1251870568758067202,AlsoLionheart
178560145,kvswamp
49517508,skarrrrri
1301336004326912000,RightDamon
1198366254,jaberentsen
1324339337685803010,desiart20
33608041,ksorbs
1099701111416442880,crackersnatch
471359203,deplorablemix
873267086000353281,Jeffrey29338092
1324447183467413504,SophiaL38406527
1148943434889277442,fatride70
52256551,gypsies_heather
770781940341288960,RudyGiuliani
1128709041658716160,ForRfb
68796245,gijimsmom
485072519,BinghamtonNow
1055225149606096897,IntrepidGabe
1261850207660044288,BuzzyCaldwell4
829837774576578561,Igtbagy2021
985252709505921024,MPFrasca
1311564433668349952,Jennife43833145
289119511,Hagstrom_Anders
610942588,tiredofita11
1297942890191245313,Trump2020LANDS7
22274811,meralee727
1431521334,william_billb
762932101,MatthewJshow
29326318,StefSanchezzz
2438831503,ChanelRion
1209936918,OANN
1528522430,jbjeepin2013
1155526737033334785,jrw067
807095,nytimes
1273248942,ElevatedMonkey
228424807,Magtruth
1269637595048411138,krakrmike
20707070,BrennanCenter
110396781,ajplus
955488242,swingdoctor18
51241574,AP
89338758,Hose45
509096468,TheMsVixen
1296336438112354304,SinSation14
1273977001590718466,sandra28530038
60680268,JedediahBila
54238128,RussilloKanell
6573352,mosseri
52070270,SavannahGuthrie
1387644560,JoshDinw
103744112,aricnesbitt
1308237759748943873,JakeSaysVote
199206655,HawaiianRush
35218566,AriFleischer
3069217726,dancing_trudeau
68991446,ItsDeanBlundell
27948780,nick_detroit
1296473746308562944,debbradle
2420848054,Leslieoo7
3039871796,IyamwudIyam
1062409809293651970,JosephWeger
840086401,Timefor2021
757832485,LizRNC
4848563112,AngryKylestani
21215333,z72373
1367531,FoxNews
24994870,martinduffy
416194855,mike_wanaoni
1225147380284018688,the_resistor
2243204318,GodzillaBorland
277879045,yfabb
1270660134,carleybetth
1416374742,Al_Sanchino
284333988,OfficialLoganK
1259538128777461762,natalie_k7
880830336879472642,kimi_justice
744713903276331008,ErictheGrey2
1323773776102916100,Pumkingirl5
704943112217608193,MattBraynard
403755892,Atalkinglobster
336464442,GiveSendGo
27891748,steveaustin1971
266993831,jmorse_
112897540,gofundme
18686907,davidfrum
733270320,SteveChallen
388895210,GiftCee
1074462222431256578,TheGard15289561
1321289737219563520,EricCha99760653
543005543,andrew_k2019
463765807,Nate_Cohn
43409523,jonallendc
43063726,alexwchan
31613600,eroseSCS
218325695,Bencjacobs
1261801714627366917,MaineMaineMan
1029357578,GrammaTine
18020081,JohnKasich
14529929,jaketapper
965745548950163456,Flydutch6266
14173315,NBCNews
102480261,NBCNewsPR
1020119674321883136,JameLovesMerica
1274278696682168321,Justsom99841785
2405022216,TylerBlake77
1098091506886471680,laralogan
1134284839312678912,Fantasy_Junky
97594955,WhoIsDaveT
770150923,Matthodical1
1312021559612243971,funw17
1233012700965408770,i_mcdunnough
1230130505124892672,2Illiberalality
52392666,ZoeTillman
376964208,kevincalm
973259315225210880,cxrhartt
18166778,Jim_Jordan
1249826927667544064,fakekate3
1003354922,henry84ramirez
836448977335762944,aahaake
46326721,KENS5
737052481218318336,PoPoBeiBei
902296300376477697,TexAg0892
861888648,ric_stanford
4805048354,SandyDog8117
1091374032203796480,ruco_mon
4644384378,iggipop01
457984599,BreitbartNews
1043492190213877787,PatternsSee
954185356840263681,ReallyKW
1264419248312668160,Interstate_17
83932539,prayingmedic
1276623779737882631,LMarch20313280
1018921,knoxnews
1730869717,Paul_Greenawalt
78523300,RealJamesWoods
60266430,Explosivo412
717025182540566528,confidentdunce
289141407,orioleslifer
51259969,Blitz0921
917376579407351808,stbrnoldfrt
904722060022353920,somedudeimus210
493714995,johnpavlovitz
2873084975,klriggs3
259001548,kayleighmcenany
1301498731825704961,LFidei
26487169,LouDobbs
1243299734137290752,CambodiousL
97273409,iamtorsoul
540930750,StephenPampell
11744152,yashar
1305155798310543362,Wolverine61958
64822407,SueBee1410
1264687862546599936,shanana1982
1052981961797586944,alejour1
1250964238673289216,TacetBellum
1288541903101865984,TheRealMkA20
1257814192863805442,ValerieCarterr
832647711384039424,Cookies4573
822185179477315584,wandavazquezg
2703181339,Denlesks
4785837026,jude_stine
1221287461889826820,JJ59030437
969813146067091456,Acierus
921678242,bobalicious51
396917296,TheRevMikeS
264176044,liltilgerlil
1215598187551121414,MrSneaky18
913615578,tanksmom2000
101253010,Shalabeya555
730840188474261504,pkokga
1215589862952357888,MaryCar61400434
1136801953,Ravens_Thunder
1296323631287599105,HildaLough
781190001346379777,bigdaveyo4q1
780545837185150976,gntschnzer
900079906826092544,Robert64681793
1126097941024866304,CaptSedlak
973302870874324992,RedDragonFly19
201351979,LowellGallin
3329856063,PostaVictor
1228134865113096198,MouseUlysses
259953451,nostradamous195
940287599503126530,grafikalrob
1196514051901145088,Surfing_Yeti
1191017748484116480,Motomom128302
1004584219765379072,ZiadSatNam
41191256,fvdr
1086269546074271744,OprechtsNu
985030424878637056,karin_steensel
58588845,kitnlitl
475533565,CoryHarkness
2359947546,ERahmanPhoto
110757159,Rellyluvsfairen
1094401684913168387,HopefulxCynic
407396556,JDiamond1
989661396425216000,Onthefritzie
900665832493129728,CharlesRingling
3331904019,Nifty225
317385247,iheartmindy
1329841066711928840,GayngryL
1324686416123744257,marty_kathryn
292929271,charliekirk11
1421778042,TheCatManDude
144059845,Designsage
1014259716124442625,GenerateHQ
1055203537133715456,PutinOwns45
78763429,RizNJ
2463155744,MikeNordon
912735824793493504,OK_Dumbass
1148582346,TaylorYoungling
1324928860253646849,ness_the_mess
1289496447814000640,TheBestThatWins
824396756171497472,William_Glick
1324728531264376834,BrittanyTille10
47437206,BrianKempGA
4643311157,dxxdidit
374253192,1989Wildcat
213184022,maxiesgal
910262331875188736,NotSimonNeil
1046502621027160064,LadyJus23474884
55861517,JodyWeitzman
23022687,tedcruz
135971567,burgess_m
1010999574587113472,RandallMay20
831733929791090688,carolinasassie
20748872,Xtraluv4u
1111308518517288961,HandsomeSean1
1323000960851931136,MarphyStephan
1324532961920901121,dabate98
838732246051868672,ElizabethQE20
931286316,ScottPresler
4274910195,CARogersNo1
1228745856,SusanTarver
1113449017436983296,LillyShtupp
4922629513,KinzokuToKuri
701572603308146688,voymasa
2575205850,JimLaPorta
15264675,Azi
147167693,peggyhill755
795028067760668672,LUdulutch
1091240216948396033,YElderberry
988573326376427520,SecPompeo
41731544,CasualCostumer
15675138,cspan
1136763057521094656,7Xerdna
1124010668179501057,dania83218653
49698134,JoyAnnReid
316102811,RickyRayinGA
838223060859662336,Kassie917
357674108,VoterCenter
17629860,FBI
1300830262318821381,IndyPatriot17
2696211289,TriSarahTopsOH
2372280505,thebeaush0w
35773039,TheAtlantic
117543420,bartongellman
1119347638896250880,saneinaninsane1
305291107,johnpeart1
965784469931216897,Tasemebro1
71627462,JonahDispatch
534283099,mengerjoe
979463311602335744,ConsDemos
22315943,HMouse
585988790,PatraCanadian
1221989109125742596,Yikes47956235
21001599,BrianKarem
880018682,davidmweissman
34396209,TwizzlerGirl
817453136961032195,ashleyann78
33537967,amyklobuchar
3310061541,thejtlewis
1147636441830383616,twotightmike
1263147875808075776,GrangerUrsula
1640929196,mmpadellan
213966226,1812_UncleSam
2915129749,suzuhiggins
1236455048328155137,DawgQ17
27583598,KPRC2
23624633,blinds12345
1269314908828688389,BigcatTexx
803734894253842432,SUSAN46189802
117188363,joehagansays
1949789970,bblock29
19211550,gatewaypundit
15012486,CBSNews
38495835,marklevinshow
800704496246484992,swingleft
1151484481603297280,RichHiggins_DC
857001662,FiveRights
28713695,kristindonnelly
19038768,DefenseBaron
245326128,elcermarcel
1157107216828289024,Overthetarget3
1243095824210542594,SirWilliamScot5
1230961593451712513,WeTheInevitable
1397196589,hogneddy
3235540860,bbhill232
179101788,MTPOfficial
1254800870077878272,Oprjocht1
17134268,CBSThisMorning
2414804916,jafiny1971
1102220454901760000,firebillbob
1038656747722829824,AZCourtney1088
952906871207276544,Daphne_488
442456291,ColbyCovMMA
2783160078,RJDownard
21784951,Surabees
1286893909382176769,camardo24
1286515490244956161,anxiousairman
1275965174529306628,1_anon7
1102558685069565952,Ihatehypocrisy2
961376443279249408,PhilosMillenius
813286,BarackObama
36636398,NotYetinBC
234126095,katramdeen
214112621,attn
1243457866511630337,PatriotArmsNews
15513604,foxandfriends
1146092879573635073,VinnieM45544622
4091551984,tribelaw
29199514,davidmetcalf
921100138503987200,StrykerXM
408806531,esaagar
385297116,jadedjade863
1285693527909978123,foolie02
2225533280,nyjets76forlife
1235630557188456448,sleepyjoe4trump
1028436924,SashaIngber
2410533283,Writerchick10
4037606414,cmcnlv61
880513251645247488,lorileistorm
740813521,budboyy2k
198333207,JTM06841
15232374,JonathonSnyder
1908173622,Watchman4the1
244347285,OregonDarryl
59074838,jjpeel0078
26330810,TheMontyShow
902551055283703809,suroguner
256778287,JenTusch
2437791919,RoxlydeTweets
1304467960677855232,NudistAccount
517777962,rich_rpm
1035948712500056066,robertjdenault
1048628196264968193,Davidsannie4
922263870,DeVos1990
4854406083,MrsFinkelstein1
323965227,tcevans87
1190450259668951040,ddawnr1
1299492074119725057,jobberwicz
216776631,BernieSanders
1005439463680442369,Beverly32782300
477786846,tcarter97
860968817442250752,Willjstrobe
878000525668749312,DPWIMM
857697705182744576,jmdfromatl
1305198438032662528,AmateurPolitiko
1219395657544413185,TomN_318
826191742424735745,SonicMcPatrioti
354650311,TXVAHokie
7651862,jomalleydillon
44444384,bmoschetti
726183596,HappyManor
2467791,washingtonpost
1198629303958802432,DroppedmicAgain
880022808,vet_patriot72
16740433,DeAnna4Congress
1242305337882898433,BossTwe82637804
17995040,benshapiro
2380998854,Na0m111
480824109,mistceo
2731047197,rebelscum5
713008170776600577,Mr_Brooksher
1257111275252875266,BetsyRo66042354
956322978,htownmomof4
2573424902,QuincyAbrams
115105973,SylvesterTurner
1367527334,RealTWFuller
1680915493,THE_MAGA_CULT
1008249557728165888,MichoneMoore
29201047,SenJeffMerkley
1306783818842476545,McblainBeth
59610532,dpgrenon
288277167,atrupar
1030093052734578688,femfluential
4530075742,One_worldpeace
61369421,TexasAce80
551381488,Ive_Been_Robbed
4316627834,AaronleeGb
242960383,GamebredFighter
933134268187869185,Ssmitty1331
1144333281099468801,NotATweeter16
986232040021549056,MarinaMedvin
876449009728180224,Robertchef77
1509443935,GooGwaba
24535646,mundungus_jack
35019510,BLUECHARGER69
80849997,pfbizz
1128819367003742210,hkphooey7
224655995,LoveJuggernaut
997751935,PunkinDyer
316820960,CLRowekamp
838748354112811009,geekythoughts4u
1907065694,majajwo
381399271,WhigsnTwigs
874763028,Patriot_Girl_TX
3068103593,smartahole
109418419,bcunningham006
3018963571,ryan102857
60918350,babyboomerMJ
1888822184,cathikclark
517950385,LindaPeters19
749953408883367937,MarkGraben
1241723454052872193,MarconiGreg
8839632,NBCNightlyNews
19502995,GeoffRBennett
1113484907093856256,m00sechuckle
797724557713043456,wolfman_cubsfan
44672556,454US
2818692253,TXpatriot777USA
1241409281288810499,Blonde_FinnQ
526510396,tthompson90277
20653946,ducksinmypool
3476678233,Kingofallsand
100385197,BladeBoques
827980174247485440,Tx_Rider1
951894284,LawyerBuchanan
116858823,hilaryagro
27988583,gosensgo101
1192519528669995010,Check3Sixty
1293230422072205316,RonnieMotes8
1177420571937841158,fake_lindsey
1871302080,vfr_03
780564836652503040,KHidish
282069126,lkhtmn
14178225,jayblackisfunny
1278119139601715201,HowickTeresa
1205226529455632385,ProjectLincoln
1853296375,okelberry41
1267918425306923009,chalsielin
595223412,DesertDawgArms
24578794,Scaramucci
1271286134878826496,danspiveymeat
1140600061338013696,JohnBow82332780
1249361186543542272,Notafra67689516
2911362240,niksanborn
327862439,jonathanvswan
110555260,michaeljashmore
1004180959728717824,DavidBLong4
1121060461909176321,voice_hard
970563998,RNicholasBurns
824254502,JohnSlocum2
50344618,lee_mccaleb
17060015,cleantechnica
1380632863,jacque_davis
97919565,chevron2248
1042085296735768576,817Luke
963480595,MarkMeadows
1286299851018338304,Fido23999417
2391645242,netteKnows
17075423,David_Ingram
1466543870,NikeOtim
903655704812277760,ChrisRi77161502
1308023793424773120,penguinamomoo
2504981221,td21241
783214,Twitter
39349894,EricTrump
820433713918001152,BuzzFakeNews
17074440,GStephanopoulos
16815644,ABCPolitics
253368397,NorthernDana
707031481064038400,Cdn4trump
456981684,KeithBoag
6433472,CBCNews
1026301669267701761,QAria131
534881613,Annakhait
879548970082721792,rising_serpent
1260273945988616195,MistyP79023472
968163110,Black_Gryphon
1028491255997652997,Joe53112759
129235890,Lrihendry
2501179033,mrhughes808
16523905,robbystarbuck
9427572,LisaMei62
34027983,mattcowdisease
16275311,Noz4news
1256724360515121152,Alex65977506
750700196,BrianHassine
1370971824,GaetaSusan
874689018,KrissiKeppler
949138859106775040,Amgirl28
783873339962064901,beachgal4trump
406567606,lrstriker
1167515976629399554,CindaRose18
928452443788083201,DonGibs22787443
800016771981996038,RSaunders997
982156841659482112,TakamitsuSaigo
824762287433019393,ccfanning232
735161190,badmf07
2396804441,marksmithgolfer
1001922821759451136,JoyOc90017738
1616701964,alimurmo
541198983,SERD1983
904073854947090432,DeportDemsRats
1021796102838861827,MAGAveteranRobi
328017289,scucina
947720696179970049,TrueBlueLuvUSA
496457405,RebecaKoch
29482740,MasonD3
476597057,4JoNelson
704753362189709313,PortugueseMamaC
1202234374084677634,rsaamodt1
808797498617843721,PamelaHazlett2
1051446223,gammatwiceover
886036812,lizsportster
770874362,kpowellbanks
959801231135969281,PerryCl95607434
27955409,wewoka
3256625160,StephenMoc498
1207100021444923392,TimHarv00311423
1013540333366358016,MiafarmHer1
1183159436514381824,trinketchase
943869592815980544,ValKHeadley
2743977143,RobertIseli
725075024756019200,Callie1212
139084819,SlippinJimmy64
74229040,Buttercookie25
994644379062145029,KathleenRabagl3
1171865127857139719,right_donald
105657541,ruthanncarlisle
18025580,EdFavinger
17292374,sodagrrl
428241656,AmyTonn
414426483,EUGENIALAGOSHA
2796086845,janonthemtn
112773458,builder426
1051167847865434113,Nana4Trump2020
63188134,z56po
232758502,CrownoftheVally
23263623,Gastein
1170179836251267072,AnonsSynonymous
4884155667,ladyfortruth
825160248088367104,PragmaticM
1188933012718796800,realsephjo
536503190,Jrzladyvjs
2760785079,NCM_Patriot
776634607982764032,nashtnmom1
2416977930,muskeeta
1058057604,PierroMario
823567969531871233,Zacharyeldog245
1260015313724166150,kenny10685958
2149260816,superbucks2050
1201961284213903364,WomanSpitfire
19040480,Gnushound
1244325732,DocLanceP
1152751522041737217,posonaut
886387064295575553,Roco476
826046633561436161,Angeleyesblue77
1154346174,tugasnj
1234858401143742464,jewlz23mailcom1
2319410766,TheTaijiNews
1131367065573625857,Two4Two4
96222805,bandmom74
1185983208459882496,donna_viestenz
17351453,dailyblessings
4326625463,RoydYure
2896151700,bamableu
202121798,RobertCKeating
815733290955112448,RepJayapal
1254460862984867840,45Watcher45
2527967047,kaysey6594
876964144519544832,CraigSh8
246357149,HouseJudiciary
1067541214671577093,RepMGS
954783653200105478,JamesHMoran3
1200543259661152257,BetteDavisEye15
36246939,malbertnews
22029071,Hearst
21344507,factcheckdotorg
192970470,KBeds
871820968292995073,Corey479
1171174266395668486,fukanelli
1220002644137259009,Cynthia62597760
4183963481,deobreathnu
1403129251,Grace_Segers
1242424558717673474,Barb_DelcoPa
2836421,MSNBC
1073681811430170624,GrandOnlyParty
72646719,AnnaBeaming
2870648137,MeTaLMaideN8
14344823,SenateGOP
21878458,The_RGA
2800581040,BillKristol
15433452,JenniferJJacobs
21241055,jdbest
866348764432392192,GOPgetabackbone
801050580,jg_simpson
125341629,PHYS878
769085851196387329,labelladonna123
17561940,rocksonthewall
16597191,OfficiallyBrian
2894595494,BotByAzeem
1067239254588383232,RemovePritzker
626503046,davidjones720
1164268655942782976,PrewittKelli
447585721,DunceBiden
75730979,jaanbam
776292981762564096,BradfordHill6
250295256,Frances_Fisher
16704290,chris_norcal
329420345,Watson1880
2372196812,navybluesmoke
798456859,cbessex
1174477398135529472,daniel32197550
3990459292,DefeatLibs
780575194611982336,mobley_may
512327871,theeleanordavis
20841921,noLongerAdem1
165524900,Madredhen
39625445,MooCowExpress
1732121486,hopingforachang
23712980,DavidPaulTaylor
257799434,rscsupporter
2698626193,Hart30158
817426803241484288,gramyc44
3312585086,atMelsDiner
407955785,jmlg05
66541513,DogFluffpup
904851550488670209,therealtony25
1409453064,lorizellmill
65106504,gregghoulden
2499005929,jensinspired1
740483180,suzydymna
305382915,jeromew1
889558198532751362,cbenjamin2016
898870874,marianneAneg
2769315279,pn1usnavyrtrd
1243005395603525638,MaxHeeler
14515799,brianstelter
95717760,TrueTheVote
4247525063,prattdbz
1229778619574165504,Oppenheimer007
905134653266382848,n0wars
4726304474,ForeignDictator
30190771,Kurisitaru
246500501,GeraldoRivera
271030232,CoachBKirk
2535321252,mutts4me_sherri
1247953950193696769,BonOtterman
784817806898364416,SunshineLK10
817158775610179584,Chicago1Ray
2944307918,giant_fu
2256965582,sxdoc
16275754,RealMiamiEstate
2259647702,gnarlyhammer
821865849476829184,larrydaliberal
1644170238,cooke_april
4765364386,ChuckCallesto
954283362,rimrunnr
166751745,RyanAFournier
1351385318,YSuchAKerfuffle
118278538,PurpleIsCovfefe
821706733403959296,Sherry40614670
343041182,TomCottonAR
97970376,retirewcashflow
2917091137,carlg341
1144288522091843585,djt2020_p
89594516,Borange56
22509548,DarrellIssa
17697972,Houstanity
133545603,Cigarvolante
818948638890217473,RepMattGaetz
291328339,JackMaxey1
1247234253005479936,RepConcerned
1225101644184137728,WarRoomPandemic
366176456,HvonSpakovsky
16618362,toofmullets
15923226,cspanwj
10168082,Heritage
7309052,YahooNews
217451194,ricklundl
1257717853974822912,Jack57405467
1241511480677236737,chasecheeser
128015226,mitchmeats
1265613026897600512,Kurt96304522
3090444435,pablo_honey1
835614522815590400,MiningDeal
341636813,royzbass
743107636405534720,antonzilwicky54
15464697,JuddLegum
1194354664831176704,Salacia_sea
1067950346775994369,polyscifi1
381852531,Forsolace
18993395,abc7newsbayarea
1138679424935587840,tastey_b
11347122,GavinNewsom
524024759,BrunoAmato_1
755340901,___Inge_borg
1154572092580384769,liberal_an
18720956,jamzlw63
1040759288904462337,ConnieDent5
990982729708724225,MikeOfGeorgia
17813377,magicant
4041282801,btocco79
353387170,noextinction12
822622289938223104,KirtonCharles
782041195035975680,GayConservativ3
1122631964182364160,sp_bucknut
3233810276,darreldrowland
220240498,Crossbearer1956
1171180813200711680,NannyGoat2020
491362423,Fearless45_MAGA
41683723,AlwayzSusan
2490188125,JamesFriedman73
614366525,johnny5225
2978837542,GovernorTomWolf
1166753070929174528,FreedomVirago
1150930500548251653,REAGANCAT1
1248420203760762887,ArtSanc29169714
1184087221613273088,JimRobe70184873
17000329,francissmythe
722793491059769344,DNC
55330244,Rifleman4WVU
18555566,patgriffin
25989394,oldbaldeagle
125157118,EIBFNC
901608654968942593,cindyinSA08
923368757803847680,ttocs35
37942352,species_x
23966019,jfedg
1239801473808183299,Dawn62536182
1246008483360788480,WymanBig
3748722495,richardshadow1
1055267207201124352,MWORLEY09775126
771791833,cannoneerfour
213078185,debbklett
999505526,RoseMaryTBA
1039532847059673088,SpiritFoxxx
944016812609540096,nailsellinbasta
1239161124903424001,BrendanHorn7
961786881225588736,Haji4USA
1112160565911322624,EddieTh83045544
1391027624,cjcole1985
715012953,wrkgmom24
1146769153111613440,maremurus
914637554355441664,Zancuubuzz
94877431,AURALLEN
1924904623,MooseMan1956
52221639,afriendindede
889223428213018626,Coleenmarieh
2168643110,Oilfield_Jobs
898898005,Bs58B
892586353812176896,jdo1956
21874225,banke718
541580356,PBRFrey253
3123485184,kfalcone2015
875207704721014786,GinaLamb19
2582639108,c4rmenge
1077214808,GovInslee
19432346,IsraelNewsLinks
1084941108164116480,Easytime4
882784867,westieTX
1247671405853851650,Brenda43232193
875395031942787072,M3tatronAnonDon
1056726827975303168,KciraR
1256729597799837696,Leeloo_Dallas17
415117361,KateBrownForOR
41791994,MI_Country_Hick
738080573365702657,robreiner
1339835893,HillaryClinton
264189033,weciv01
762892838149300225,NotReallyABear2
1170081844919984130,SassyLadyfromVA
598892920,DianaFloss1
54491497,fibolin
159558751,SCgal_
28629561,shadra99
899498052297400320,D1v5C
865248884435542016,Charlot53399013
1253662945105465344,juanjuanisback
119099353,Harlan
439051409,TN_USA_girl
147071497,markjholloway
1258996475448692739,TwistedTiffanyD
884194295166533632,realDumbald
3369944015,JWeber988
1124706693806530560,ExDanmaku
2913362648,halfanewfie2
4216952292,jandennis1955
813579403024273408,pgrlegacy
321774180,ChrisJZullo
966595182,Anon707077
3995778614,KamVTV
1244186327408619520,Kimmy5D
107210351,amymitchll
529920018,repubfan
433789041,hobbyath
1230689448368558086,GreatAw89276829
34754291,MaoZedung
3006912146,00lOll0
19904315,mellyrn
982992841021575169,SusieJustsayin
33642243,Juzjaz2aolcom
1151724008,AbdmullLisa
534055591,LouellaLadybug
355941177,looking4galt
1240375761472835590,RedPillMagaland
355038074,MyGovtIsTOOBig
246883126,Jaye6687
38122889,lypsync
499417827,drhrose
4907099337,lsfletcher66
709549108181278720,SeashoreCutie
1046838336567021573,FluffyQatEars
4669825627,punkwig3
3254524106,makingmoney541
86726621,customjewel
1244895269939904513,VBitter01
25975551,UpInTheHills
1073450645137440768,brownieswithj
1151953373651984384,Portos694
16374678,ABC7
722894335,_Tim_AZ
206067271,tylernope
723144922820284416,ClaudiaMyTime
24568381,FLSwampBoy
1272635945200877568,twhfsu
1091216816,thetoyman1
1001494451657814019,retainRepublic
729793134,DykeVanTom
3679742841,Winchester1776
1565929363,cynthia_mee
216065430,staceyabrams
16003869,SpyderD
3046903142,RunningWolf89
16814727,MarkRMatthews
868951451489447937,bluedevildavey2
179245474,Moral_Liberty
835897219,danimanea
523248016,jsolomonReports
116642061,veriphile
14662354,WashTimes
45447655,dvas9999
413513361,beth2_k3a
1122894363368013827,Girls_philly
1039401194626658305,RealMarcoQuiroz
519030888,BlackMamba_824
1178148775304581120,thequietpeace
1216818907853529088,loveroxeelove
2373972354,CueAnonRye
1263819837450698753,Redpilldpatriot
1203269325886496768,middleKal66
1112919026701762560,BillFra69713300
727617041042178049,_UndercoverMonk
84734907,KristenClarkeJD
971247913,Cheryl_USAproud
1244345830431232003,Ilovelife142AM
3061921357,toolatetoboogie
1943998284,krosemc3
981268334619582465,barnquilt1
1431997220,Vintagedrummer7
287208801,eliz4am
43803995,sp8cexx
1186113126279892994,BrandyDampier
1276869937211101185,VoteBluePA
414549678,theaustino2
3886247892,JuneCleaver55
1250164152548483072,LeahGoodyear1
951256942038732801,RicB1963
46808996,Doodisgirl
1288714377638498307,ModeratePhx
3866107191,Trmped
885740587,JoeNeysailor
2316231235,DFC1116
87864112,Fan4Cal
1169737423,Blynn1Lynn
4700267755,mary44614
2820491088,tladd58
1583720952,Adams4SecState
1151286878458564613,Samantha_J9
140805162,SirSilica
1245801750864572416,MunWoke
1099379132268392448,Cynthia48285039
1049648603243978752,Laf20181
2172985988,Kerith_F
1022529900,wavybeard
788063437163106304,HinOregon
2919826923,17yorkiep
370093775,KurtCarter12
1100425990277398528,PubOperator
23892889,Robbonixon
926480878745812993,teaNgrace
1279580097398407169,DoenutzJon
115709119,CowgirlCountry1
1238192606397353985,LukeAlberts20
781182632,DefendDemocraC
85925494,cmrobbinz
892219807,BradleyWhitford
996457363514241024,for_viv
1278823147001782272,Whocaresanymo18
1176577045343690752,GhostOdins
107785111,realestchrispy
889144573754298368,melaniek4572
13393052,ACLU
1407822289,RealDonalDrumpf
157099071,PuestoLoco
822800803836600320,CatBourne
805248630831665154,Joe72ShipBottom
2834570876,AbigailBeuck
15647676,DHSgov
1269646011091255303,NickHemiGuy
1240734081844948992,BobbiiDigital
3976027809,b_jasonsmith4
2760870663,JaytheBird69
1722952248,a_big_fella
1168771513459208192,Ryno126Pc
1222296668277821441,kmsands3
60919240,donnabrazile
31540671,foxnewsalert
27354323,8Cake
16273831,VOANews
1218053608333291520,warrior4_trump
43963249,HouseDemocrats
904624610800353280,DrieuAlexa
17994536,KATUNews
236487888,WalshFreedom
2918397649,highcountry_101
705319175120691200,MagicalRiceball
36807657,glamelegance
988588029911629825,truth_isnt_hate
640893,EWErickson
21598259,Eliezar
416725634,Idontbloat
31047836,michaeljknowles
1368365406,NerdyNeilHoward
1279100144181366786,KXSecurityDroid
951642690382262273,tadanohitodearu
752901953571565570,ktbobaytee
478007109,DeepSouthProud
1221544638781091840,Cliffratty
3103717477,Taoist_Skeptic
1261869996642312197,Cangran51
332590264,theangiestanton
973648103038480384,foofdawg
745319691338514433,bradley89551
954030440742031360,WalterJWinchell
715044396,Rockprincess818
3158234814,thechrisbuskirk
959851780329926656,mrbarryp243
594175899,Mikel_Jollett
1256977047156555777,AvadaKadabra9
1082373583,The_WitchyWoman
1271547224242237440,SOhal9000
1020304318631743488,ThreeKobolds
575796268,nivek_610
989755724,statsboye
5402612,BBCBreaking
33921912,MomBug
1189156306202087424,LarryBradyBunch
1114517963284074496,fairisle456
48024061,jcbrown630
569379349,GrazianoKristin
821914472436695044,ousseynou_tall
742143,BBCWorld
224097357,Sinatra_Says
488610918,eshade10
786417647726522368,beneverlasting
773670225090871296,smiIeyman
1092630896643960832,PrezidentTweety
1200548789712556032,17OneLove76
1267529744754421761,Sherie63781628
600422073,PolisForCO
1109925918473158656,NanFran5
1186428674905653248,Paulmleno1
849142356,LoganWilcox97
1213909880400048128,DianneC45
1143735980257632257,cleverirony
1280446750734647296,SimplyFacts4
816692677085380609,TheDaveyCrocket
16543775,detroitnews
1197128841405358080,jander1965
302944858,TonyLovesLeesa
18562065,heraldbulletin
1105581951606538241,GefferyMorgan
87818409,guardian
366993074,kc2egl
820354372827758592,brhodes
1244119811636047873,loveandhumblepi
794606926072086530,BellsInequality
1255866006964183040,WalkzReload
871343500071194624,Sportslome
1140826365056303105,BASEDORACLE
806075723114917889,CheyenneSulli14
748258932,DuLouef
864890182482505728,TruthJustis4USA
4831383837,n8dawwggg
283740627,MattMoranNJ
7043382,jp2859
22879254,Weinsteinlaw
1104138479414493186,Suzyw27936136
1258380080088264706,Stayhom98780569
1267637330313187330,TheTrut05313233
1243988087362871297,KSolo_Min
1184844484066066434,Trudi21140637
441724006,illuminateheros
835223091638759425,EllenMadrid4
1143991392529727488,DB48007691
818282957618216960,SamanthaJPower
218981783,JoyfulHandsTher
1239785305,catdubious_
2310841201,rollo_tomasi808
1247646840759054336,Kellypia7
4064495171,jenniferpgoff
1188977102982275072,wilde_cw
218975278,JRubinBlogger
287882411,streetnoodle
294858172,KandiceFowler
1224141370258022401,TheOriginalMac9
2987306921,BonnerConrad
885582163667636224,grcfay
18919119,Destiany
890037398431838208,guppy270
702257659,LEEONAWDO
1217804018082168832,Darrin47491882
561771173,GMenGlenn
372570563,TheValuesVoter
1188146898294710273,IVote4America
9489332,macruadhi
1184628137814122498,chillywillers
1164758653523484679,champagnesocia8
1002328861282066432,KryptoKommie
872723407,RageofBaltimore
1025465464636420097,DeeRamNSusBliss
17980523,mitchellvii
3949371634,tatreeves63
1902873415,stinson30770979
701861988,Roman3MP1R3
4813188786,oodelally_day
304679484,HamillHimself
27565066,nateman79
2444872058,chamberhands
1179732795654057985,too2_i
3300410695,2112theMusical
20602459,chrisvanderveen
1218323004418977792,TubbsInlet
139255576,bookd0rk
3380882272,LHCAZ2020
53158947,MzDivah67
1245858003326078978,MissyDemeanor29
1000186237347561472,bethrya74893789
997568569,houseboatbob65
36528126,kirstiealley
719583038087290881,s_brown0309
494241674,wmlr1
10615232,ChuckGrassley
873100464543248384,Chuck69i
89300184,USAShopper
20526756,abbagails
946885830286524416,The_Old_Vet_te
740599072944328704,MachoFredSavage
55376380,MattGertz
2167411559,nimrod685
19926586,mojoman04
112747330,Bufshuf
1228227257681891328,JOSIE24055239
20032655,EconomicsJunkie
31703974,oldmomster
21786314,baltz526
794679690,venterandy
14893345,yoyoel
1146630448786726913,BrenBreithaupt
25767722,Inspectors_ATL
378788322,billndotnet
52145280,GaryZPon
4561185033,Mile_Voli_Disk0
124754538,okblueyes
927640399,epluribus2013
872832939423170561,NolanGDavis
75326421,bangliss
357606935,ewarren
1021884540929814528,SiestasO
965332425076219904,JimmerHardy
880983828977913857,sito0625
767100119049236480,JaneDoeCountry
1195962546672541697,shadowban654321
37320833,AnonymousUSA1st
1108472017144201216,TrumpWarRoom
1006482620,AZachParkinson
59541382,Wordwaryor
209162484,LMWhitcomb
163696888,anarchytaco68
3040733396,SaveTheGVMT
783483498338279424,jcdub73
1230546103340236800,OpinionatedBurt
850247660086763520,hexsal8
882947018,StoneColdChik
91237627,rlockrocks
1195827525684871168,GiannaJ14
2657116884,HeyUhhItsCooter
1241455850528616448,PaulaJo45644783
894614310277828609,CgaMoor
1591138256,sherry_mercer
136735074,dberisford
841334560994525186,StandUpAmerica
88749392,JuddApatow
1183374565,Theory0818
755113,shaunking
162114552,CalFreedomMom
1228716618403975168,Grouchy0ldVet
15455314,jamisonfoser
1074480192,SenTedCruz
1266067858041311232,Fuerch1
696152106491887617,Pooz1969
46134398,JenniferLOtt
4214374541,MarshaEstep2
829721683107934209,JayEstus
1179836882999562240,Sashabella0409
775126753522049025,Doophenshmirtz
18814067,eversollae
1004804740105035777,WhenWeAllVote
949061249698025473,Lawnboy_13
430361738,JuryReporter
1188080774773428224,daviddo40403476
74755679,octaviaspencer
58503762,civilrightsorg
2822217000,9bb2e5c43a21469
2976695987,mommas4justice
1564701301,HTinders
18018355,AprilDRyan
62358124,TheTiginator
341194704,SteveGuest
21900176,GavinMcCollum
1230109113516011522,legion_DOL
821224541955432448,rhfactor70
16968683,yarbro
1117601750524092417,Dana000017
1116026947,pixxyale644
1430515686,PennslytckySue
739453649613651968,jbgone_fishing
1259672683194789888,BSheep78
509072974,bee_emjay
19048243,TheLastAvi
968914788,xlvigmen
2159357228,just_me1901
1179761099052179456,Sm49720322
959400125348106240,voteathome
15534771,secstatewa
989289247348789248,madrllena
1450119547,stevegamble10
1241067558146412544,LarsPacheco13
526552266,Patriot_Lioness
281038006,shelleymac911
205429752,AMeisner32
204806482,kekerso
42648187,GaBrat66
471672239,KellyannePolls
35480784,wtcline
18085460,staciblack
1198628409519177729,K9fanboy
2719361759,clayonium
224285242,SenatorBennet
1275403105614659585,Mobie88891684
336786130,Honduran_Lion
2561798899,yorky0982
17469289,nypost
1236509075199922176,g_pipen
864632958837178372,archam2nina
52942321,mincanada
15455253,nedryun
38665107,kerrpatchrn
984247128477372416,LisaAdcock15
248113252,RealOmarNavarro
1266141710423191553,PotusGreat
839213280,Eli_Nara78
1255536110303764482,DJBurns22596713
1250393179423203330,23LuckyNumbers
